ASV005,PRL
ASV029,PRL
ASV034,PRL
ASV040,LGL
ASV042,PRL
ASV054,PRL
ASV055,LGR
ASV061,PRL
ASV062,PRL
ASV065,LGL
ASV066,PRL
ASV067,PRL
ASV068,LGL
ASV078,PRL
ASV079,LGL
ASV083,LGR
ASV085,PRL
ASV086,LGL
ASV093,LGR
ASV099,PRL
ASV100,PRL
ASV102,LGR
ASV104,PRL
ASV105,PRL
ASV108,PRL
ASV109,PRL
ASV110,PRL
ASV111,PRL
ASV112,PRL
ASV113,PRL
ASV114,PRL
ASV115,LGL
ASV116,PRL
ASV117,PRL
ASV119,PRL
ASV120,PRL
ASV122,PRL
ASV123,PRL
ASV126,PRL
ASV127,PRL
ASV129,PRL
ASV133,PRL
ASV134,PRL
ASV135,PRL
ASV136,PRL
ASV144,PRL
ASV145,PRL
ASV146,PRL
ASV147,PRL
ASV149,PRL
ASV152,PRL
ASV153,PRL
ASV154,PRL
ASV155,PRL
ASV159,PRL
ASV164,PRL
ASV165,PRL
ASV166,PRL
ASV167,PRL
ASV168,PRL
ASV169,PRL
ASV170,PRL
ASV172,LGR
ASV175,PRL
ASV176,PRL
ASV177,PRL
ASV179,PRL
ASV180,LGL
ASV184,PRL
ASV187,PRL
ASV188,PRL
ASV189,PRL
ASV190,PRL
ASV191,PRL
ASV192,PRL
ASV193,PRL
ASV194,PRL
ASV195,PRL
ASV196,PRL
ASV198,PRL
ASV201,PRL
ASV203,PRL
ASV204,PRL
ASV205,PRL
ASV210,PRL
ASV213,PRL
ASV214,PRL
ASV215,PRL
ASV217,PRL
ASV218,PRL
ASV220,PRL
ASV221,PRL
ASV222,PRL
ASV223,PRL
ASV226,PRL
ASV227,PRL
ASV230,PRL
ASV233,PRL
ASV234,PRL
ASV237,PRL
ASV238,PRL
ASV239,PRL
ASV241,PRL
ASV242,PRL
ASV243,PRL
ASV244,PRL
ASV245,PRL
ASV246,PRL
ASV250,PRL
ASV251,PRL
ASV252,PRL
ASV253,PRL
ASV255,PRL
ASV256,PRL
ASV257,PRL
ASV260,PRL
ASV262,PRL
ASV264,PRL
ASV267,PRL
ASV268,PRL
ASV271,PRL
ASV272,PRL
ASV273,PRL
ASV277,PRL
ASV280,PRL
ASV284,PRL
ASV285,PRL
ASV286,PRL
ASV288,PRL
ASV289,PRL
ASV291,PRL
ASV292,PRL
ASV295,PRL
ASV296,PRL
ASV297,PRL
ASV304,PRL
ASV305,PRL
ASV306,PRL
ASV307,PRL
ASV310,PRL
ASV311,PRL
ASV316,PRL
ASV317,PRL
ASV323,PRL
ASV324,PRL
ASV325,PRL
ASV326,PRL
ASV327,PRL
ASV328,PRL
ASV329,PRL
ASV330,PRL
ASV335,PRL
ASV336,PRL
ASV338,PRL
ASV339,PRL
ASV340,PRL
ASV346,PRL
ASV347,PRL
ASV349,PRL
ASV351,PRL
ASV354,PRL
ASV355,PRL
ASV356,PRL
ASV358,PRL
ASV359,PRL
ASV365,PRL
ASV366,PRL
ASV367,PRL
ASV368,PRL
ASV369,PRL
ASV373,PRL
ASV384,PRL
ASV385,PRL
ASV387,PRL
ASV397,PRL
ASV398,PRL
ASV399,PRL
ASV400,PRL
ASV401,PRL
ASV402,PRL
ASV415,PRL
ASV416,LGL
ASV417,LGL
ASV418,PRL
ASV419,PRL
ASV420,LGL
ASV423,PRL
ASV424,LGL
ASV435,PRL
ASV436,PRL
ASV437,LGR
ASV438,LGR
ASV439,LGR
ASV440,LGR
ASV441,PRL
ASV445,LGR
ASV448,PRL
ASV455,PRL
ASV456,PRL
ASV457,PRL
ASV458,PRL
ASV459,PRL
ASV460,PRL
ASV461,PRL
ASV463,PRL
ASV464,PRL
ASV465,PRL
ASV466,PRL
ASV473,LGL
ASV474,LGL
ASV478,LGL
ASV483,PRL
ASV484,PRL
ASV485,PRL
ASV486,PRL
ASV487,PRL
ASV488,PRL
ASV489,PRL
ASV490,PRL
ASV491,PRL
ASV492,PRL
ASV493,PRL
ASV494,PRL
ASV498,PRL
ASV499,PRL
ASV545,PRL
ASV546,PRL
ASV547,PRL
ASV548,PRL
ASV549,PRL
ASV550,LGR
ASV551,LGR
ASV552,PRL
ASV553,PRL
ASV554,PRL
ASV555,PRL
ASV556,PRL
ASV557,PRL
ASV558,PRL
ASV559,PRL
ASV560,PRL
ASV561,LGR
ASV562,LGR
ASV563,PRL
ASV564,LGR
ASV576,PRL
ASV577,PRL
ASV578,PRL
ASV579,LGR
ASV580,LGR
ASV583,PRL
ASV584,PRL
ASV585,PRL
ASV001_0,LGL
ASV001_1,PRL
ASV001_2,LGR
ASV002_0,LGL
ASV002_1,LGR
ASV002_2,PRL
ASV003_0,LGR
ASV003_1,LGL
ASV003_2,PRL
ASV009_0,PRL
ASV009_1,LGR
ASV009_2,LGL
ASV012_0,LGR
ASV012_1,LGL
ASV012_2,PRL
ASV013_0,LGR
ASV013_1,PRL
ASV013_2,LGL
ASV014_0,LGR
ASV014_1,PRL
ASV014_2,LGL
ASV015_0,PRL
ASV015_1,LGR
ASV015_2,LGL
ASV016_0,LGL
ASV016_1,PRL
ASV016_2,LGR
ASV019_0,LGL
ASV019_1,LGR
ASV023_0,PRL
ASV023_1,LGL
ASV023_2,LGR
ASV024_0,PRL
ASV024_1,LGL
ASV024_2,LGR
ASV030_0,PRL
ASV030_1,LGR
ASV035_0,LGR
ASV035_1,LGL
ASV035_2,PRL
ASV038_0,LGR
ASV038_1,PRL
ASV039_0,LGR
ASV039_1,LGL
ASV039_2,PRL
ASV047_0,LGL
ASV047_1,LGR
ASV049_0,PRL
ASV049_1,LGR
ASV056_0,PRL
ASV056_1,LGL
ASV056_2,LGR
ASV057_0,LGR
ASV057_1,LGL
ASV057_2,PRL
ASV064_0,PRL
ASV064_1,LGL
ASV069_0,PRL
ASV069_1,LGR
ASV071_0,LGL
ASV071_1,PRL
ASV073_0,PRL
ASV073_1,LGR
ASV084_0,LGL
ASV084_1,PRL
ASV088_0,LGL
ASV088_1,PRL
ASV094_0,PRL
ASV094_1,LGL
ASV098_0,PRL
ASV098_1,LGR
ASV128_0,PRL
ASV128_1,LGR
ASV143_0,PRL
ASV143_1,LGL
ASV143_2,LGR
ASV151_0,LGL
ASV151_1,LGR
ASV151_2,PRL
ASV182_0,PRL
ASV182_1,LGR
ASV182_2,LGL
ASV200_0,PRL
ASV200_1,LGL
ASV207_0,LGR
ASV207_1,PRL
ASV235_0,PRL
ASV235_1,LGR
ASV235_2,LGL
ASV236_0,PRL
ASV236_1,LGR
ASV249_0,LGR
ASV249_1,PRL
ASV275_0,LGL
ASV275_1,LGR
ASV290_0,LGR
ASV290_1,LGL
ASV290_2,PRL
ASV301_0,LGR
ASV301_1,PRL
ASV341_0,PRL
ASV341_1,LGL
ASV422_0,LGL
ASV422_1,LGR
