RW.TGTCCCAGTGCAACGA-1,RL
RW.TGTATTCAGGATGGAA-1,RL
RW.TGGGCGTCAATGGAGC-1,RL
RW.TGCGGGTGTGTTCGAT-1,RL
RW.TCTATTGGTCCAGTTA-1,RL
RW.TCGTAGAAGCGCCTTG-1,RL
RW.TCGCGAGGTATGAATG-1,RL
RW.TCAGGTACAGATGGGT-1,RL
RW.TCAGATGGTCTGATTG-1,RL
RW.TATCTCAAGTTTAGGA-1,RL
RW.TACGGTAAGTGTCCAT-1,RL
RW.TAAGAGAGTACCGCTG-1,RL
RW.GTCACGGTCAAACAAG-1,RL
RW.GAGTCCGCATGGTCAT-1,RL
RW.GACCTGGTCTCGATGA-1,RL
RW.GAACGGAAGTGTCCAT-1,RL
RW.CTTAGGACACAGGAGT-1,RL
RW.CTCATTAAGGCTCAGA-1,RL
RW.CTAGAGTAGACCTAGG-1,RL
RW.CGTCTACAGTTCCACA-1,RL
RW.CGGACACCAAGTTCTG-1,RL
RW.CCTAGCTTCAGCTTAG-1,RL
RW.CCGTGGAAGTGTCTCA-1,RL
RW.CCAGCGATCGATAGAA-1,RL
RW.CATCGGGCACAGGTTT-1,RL
RW.ACTGAGTTCTCCAGGG-1,RL
RW.ACGGGCTGTGGTCCGT-1,RL
RW.ACACCGGAGCACCGCT-1,RL
RW.AAGGCAGGTCGAGATG-1,RL
RW.AAGACCTAGGGTCGAT-1,RL
RW.AAATGCCTCGCATGAT-1,RL
RW.AAATGCCCATTGGGCC-1,RL
RE.TTAACTCTCTAACTCT-1,RL
RE.TGCACCTAGACCCACC-1,RL
RE.CGTCACTGTAAGAGAG-1,RL
RE.CGTAGGCGTTTAAGCC-1,RL
RE.CAGTAACTCCTCCTAG-1,RL
RE.ATGGGAGTCGTCACGG-1,RL
RE.ATCATGGTCTGCGGCA-1,RL
RE.ACACCGGGTCGCGGTT-1,RL
M2.TTAACTCCAATAACGA-1,M
M2.TGGTTCCAGAATTCCC-1,M
M2.TGGTTAGTCAAACGGG-1,M
M2.TGACTTTCAAAGGCGT-1,M
M2.TCGGTAAGTGACAAAT-1,M
M2.TACCTTATCTAACCGA-1,M
M2.TACCTTAGTAGAAGGA-1,M
M2.GTGCGGTCACACCGCA-1,M
M2.GTAGGCCGTTACCAGT-1,M
M2.GGTGAAGGTCCGAATT-1,M
M2.GGACAAGCACCAGTTA-1,M
M2.GACAGAGAGTGCTGCC-1,M
M2.GAAGCAGAGGCACATG-1,M
M2.ATTGGACTCCAAGTAC-1,M
M2.ATTACTCAGTCCGTAT-1,M
M2.ATGGGAGAGGCCGAAT-1,M
M2.ACAGCCGGTTCGTTGA-1,M
M2.AACTTTCCATGTCCTC-1,M
M1.TTGCCGTAGGCGACAT-1,M
M1.TTAGGCACAAAGGCGT-1,M
M1.TGTCCCATCTCCAGGG-1,M
M1.TGTCCCAAGGCCATAG-1,M
M1.TGGGAAGGTTACGTCA-1,M
M1.TGCGCAGGTCTTGATG-1,M
M1.TGCCCTAGTGTAATGA-1,M
M1.TGCACCTGTACAGACG-1,M
M1.TCTGGAACAGCATACT-1,M
M1.TCGGTAACACGTCTCT-1,M
M1.TCATTTGCATCGGACC-1,M
M1.TCAGGATGTCCGAACC-1,M
M1.TAGGCATGTTCACGGC-1,M
M1.TACTTACCAGGCTCAC-1,M
M1.GTTTCTAGTCATGCAT-1,M
M1.GTGGGTCGTGGTACAG-1,M
M1.GTCTTCGCACTCTGTC-1,M
M1.GTAGTCAGTGCGAAAC-1,M
M1.GTACTCCCATGCAATC-1,M
M1.GGTGAAGAGGTGCAAC-1,M
M1.GGACAGATCTGGGCCA-1,M
M1.GCTTGAACATCTGGTA-1,M
M1.GCATGCGTCAAGATCC-1,M
M1.GCATGATTCATCACCC-1,M
M1.GCAGCCATCTGTCCGT-1,M
M1.GATGAAAGTCCAGTAT-1,M
M1.GATCGCGGTATCGCAT-1,M
M1.GACGCGTCAGCTTAAC-1,M
M1.CTTCTCTAGTACACCT-1,M
M1.CTTAACTTCACAGGCC-1,M
M1.CTTAACTGTGTTCGAT-1,M
M1.CTGCCTATCCAAGCCG-1,M
M1.CTCGTCAAGGATCGCA-1,M
M1.CTCGGGAGTTATCCGA-1,M
M1.CGTAGCGTCCGGCACA-1,M
M1.CGCGGTACATACTCTT-1,M
M1.CGATCGGTCAACTCTT-1,M
M1.CCTCAGTCAGCTGTTA-1,M
M1.CCCTCCTGTACTTGAC-1,M
M1.CCCAATCAGTTACGGG-1,M
M1.CATCAGAAGAGTAATC-1,M
M1.CAGCCGATCATCTGTT-1,M
M1.CAGATCATCTGCAAGT-1,M
M1.CAGATCAGTCCCTACT-1,M
M1.CAGAATCAGACCTTTG-1,M
M1.CACAGTACAGCATACT-1,M
M1.CAAGTTGGTCCATGAT-1,M
M1.CAAGGCCGTTCACCTC-1,M
M1.CAAGAAAAGTGTTTGC-1,M
M1.CAACCTCAGCGTCAAG-1,M
M1.ATCCGAAAGAAAGTGG-1,M
M1.AGTGTCACACCTCGGA-1,M
M1.AGGGTGACAATCTACG-1,M
M1.AGGCCACGTAGAGCTG-1,M
M1.AGCGTCGGTCTTGATG-1,M
M1.AGAGCGAAGCGCTTAT-1,M
M1.ACTTACTAGAAAGTGG-1,M
M1.ACGGGTCCATTAGGCT-1,M
M1.ACCAGTATCTATCGCC-1,M
M1.ACACTGAGTACTTGAC-1,M
M1.ACACCGGCAAACCTAC-1,M
M1.ACACCGGAGTACGCCC-1,M
M1.ACACCCTCAGACAAGC-1,M
Liv.TTTGGTTCACAGGTTT-1,Liv
Liv.TGAGCATGTCATATGC-1,Liv
Liv.TCACGAATCTTTAGTC-1,Liv
Liv.TCAACGACAATAAGCA-1,Liv
Liv.TATCAGGCAAGCTGGA-1,Liv
Liv.TACCTATGTCACCCAG-1,Liv
Liv.GTTCTCGGTTTGGGCC-1,Liv
Liv.GTTCATTGTCTTTCAT-1,Liv
Liv.GTTAAGCAGAAGCCCA-1,Liv
Liv.GGCAATTCAAGCCTAT-1,Liv
Liv.GACGTTATCTTTACGT-1,Liv
Liv.GAATGAACACGCCAGT-1,Liv
Liv.CTGCGGATCATGCATG-1,Liv
Liv.CGTCACTCAGGTGCCT-1,Liv
Liv.CGTCACTCACGCATCG-1,Liv
Liv.CAGCAGCAGCCCAATT-1,Liv
Liv.CAGAGAGTCGCGTTTC-1,Liv
Liv.CACACCTTCGAGAGCA-1,Liv
Liv.ATCCACCGTGTCGCTG-1,Liv
Liv.AGTGTCACACACGCTG-1,Liv
Liv.AGCTCCTTCTACTTAC-1,Liv
Liv.ACTGCTCTCTTCATGT-1,Liv
Liv.ACGGGCTTCACCCTCA-1,Liv
LL.TTAGGACAGCGTTTAC-1,LL
LL.TGGGCGTTCACCAGGC-1,LL
LL.TCAGCAACAACACGCC-1,LL
LL.TCAACGACAGCTGTAT-1,LL
LL.TACACGATCTAACGGT-1,LL
LL.GGGCACTTCAGGTAAA-1,LL
LL.GATGAGGTCATTATCC-1,LL
LL.GAGTCCGTCTAACGGT-1,LL
LL.GAGCAGACAATCGGTT-1,LL
LL.GAGCAGAAGGGTCTCC-1,LL
LL.CTTCTCTGTCAGGACA-1,LL
LL.CTACCCATCAGGCGAA-1,LL
LL.CTACATTTCACCTCGT-1,LL
LL.CGGACTGGTCCTCCAT-1,LL
LL.CGCTTCACACAGATTC-1,LL
LL.CGATTGATCTGAAAGA-1,LL
LL.CGAGCACGTACTTCTT-1,LL
LL.CCAGCGACAGACTCGC-1,LL
LL.CAGGTGCTCGGTCTAA-1,LL
LL.AGTGGGAAGTGTACTC-1,LL
LL.ACGTCAAAGGGAGTAA-1,LL
LL.ACGGCCAAGACAGAGA-1,LL
LL.ACATCAGTCATACGGT-1,LL
LL.AACCATGGTGACCAAG-1,LL
LL.AAAGCAATCTCCGGTT-1,LL
